age_low,age_high,sex,weight
0,17,female,0.10508
0,17,male,0.11001
18,39,female,0.14628
18,39,male,0.15073
40,59,female,0.12318
40,59,male,0.12243
60,99,female,0.13045
60,99,male,0.11185
