age_low,age_high,sex,weight
0,17,female,0.104594
0,17,male,0.109834
18,39,female,0.145903
18,39,male,0.150251
40,59,female,0.123196
40,59,male,0.122261
60,99,female,0.131485
60,99,male,0.112476
